20180129,Mon,1741,1938,CA-56 W and I-5 S,32 mins
20180206,Tue,1403,1486,CA-56 W and I-5 S,25 mins
20180206,Tue,1408,1487,CA-56 W and I-5 S,25 mins
20180206,Tue,1413,1509,CA-56 W and I-5 S,25 mins
20180206,Tue,1418,1520,CA-56 W and I-5 S,25 mins
20180206,Tue,1423,1543,CA-56 W and I-5 S,26 mins
20180206,Tue,1428,1533,CA-56 W and I-5 S,26 mins
20180206,Tue,1433,1533,CA-56 W and I-5 S,26 mins
20180206,Tue,1438,1519,CA-56 W and I-5 S,25 mins
20180206,Tue,1443,1563,CA-56 W and I-5 S,26 mins
20180206,Tue,1448,1651,CA-56 W and I-5 S,28 mins
20180206,Tue,1453,1706,CA-56 W and I-5 S,28 mins
20180206,Tue,1458,1734,CA-56 W and I-5 S,29 mins
20180206,Tue,1503,1671,I-15 S and CA-163 S,28 mins
20180206,Tue,1508,1711,I-15 S and CA-163 S,29 mins
20180206,Tue,1513,1764,I-15 S and CA-163 S,29 mins
20180206,Tue,1518,1908,I-15 S and CA-163 S,32 mins
20180206,Tue,1523,1823,I-15 S and CA-163 S,30 mins
20180206,Tue,1528,1902,I-15 S and CA-163 S,32 mins
20180206,Tue,1533,1912,I-15 S and CA-163 S,32 mins
20180206,Tue,1538,1892,I-15 S and CA-163 S,32 mins
20180206,Tue,1543,1906,I-15 S and CA-163 S,32 mins
20180206,Tue,1546,1921,I-15 S and CA-163 S,32 mins
20180206,Tue,1551,1976,I-15 S and CA-163 S,33 mins
20180206,Tue,1556,1937,I-15 S and CA-163 S,32 mins
20180206,Tue,1601,1796,I-15 S and CA-163 S,30 mins
20180206,Tue,1606,1868,I-15 S and CA-163 S,31 mins
20180206,Tue,1611,1899,I-15 S and CA-163 S,32 mins
20180206,Tue,1616,2050,I-15 S and CA-163 S,34 mins
20180206,Tue,1622,2248,I-15 S and CA-163 S,37 mins
20180206,Tue,1627,2285,I-15 S and CA-163 S,38 mins
20180206,Tue,1632,2402,I-15 S and CA-163 S,40 mins
20180206,Tue,1637,2714,I-15 S and CA-163 S,45 mins
20180206,Tue,1642,2666,I-15 S and CA-163 S,44 mins
20180206,Tue,1647,2680,I-15 S and CA-163 S,45 mins
20180206,Tue,1652,2698,I-15 S and CA-163 S,45 mins
20180206,Tue,1657,2608,I-15 S and CA-163 S,43 mins
20180206,Tue,1702,2496,I-15 S and CA-163 S,42 mins
20180206,Tue,1707,2476,I-15 S and CA-163 S,41 mins
20180206,Tue,1712,2466,I-15 S and CA-163 S,41 mins
20180206,Tue,1717,2426,I-15 S and CA-163 S,40 mins
20180206,Tue,1722,2508,I-15 S and CA-163 S,42 mins
20180206,Tue,1726,2485,I-15 S and CA-163 S,41 mins
20180207,Wed,1403,1558,CA-56 W and I-5 S,26 mins
20180207,Wed,1408,1553,CA-56 W and I-5 S,26 mins
20180207,Wed,1413,1529,CA-56 W and I-5 S,25 mins
20180207,Wed,1418,1565,CA-56 W and I-5 S,26 mins
20180207,Wed,1423,1541,CA-56 W and I-5 S,26 mins
20180207,Wed,1428,1549,CA-56 W and I-5 S,26 mins
20180207,Wed,1434,1540,CA-56 W and I-5 S,26 mins
20180207,Wed,1439,1547,CA-56 W and I-5 S,26 mins
20180207,Wed,1444,1580,CA-56 W and I-5 S,26 mins
20180207,Wed,1449,1579,CA-56 W and I-5 S,26 mins
20180207,Wed,1454,1663,CA-56 W and I-5 S,28 mins
20180207,Wed,1459,1755,CA-56 W and I-5 S,29 mins
20180207,Wed,1504,1737,CA-56 W and I-5 S,29 mins
20180207,Wed,1509,1736,CA-56 W and I-5 S,29 mins
20180207,Wed,1514,1990,CA-56 W and I-5 S,33 mins
20180207,Wed,1519,1853,I-15 S and CA-163 S,31 mins
20180207,Wed,1524,1960,I-15 S and CA-163 S,33 mins
20180207,Wed,1529,1995,I-15 S and CA-163 S,33 mins
20180207,Wed,1534,1944,I-15 S and CA-163 S,32 mins
20180207,Wed,1539,1987,I-15 S and CA-163 S,33 mins
20180207,Wed,1544,2006,I-15 S and CA-163 S,33 mins
20180207,Wed,1549,2042,I-15 S and CA-163 S,34 mins
20180207,Wed,1554,2192,I-15 S and CA-163 S,37 mins
20180207,Wed,1559,2155,I-15 S and CA-163 S,36 mins
20180207,Wed,1604,1989,I-15 S and CA-163 S,33 mins
20180207,Wed,1609,2127,I-15 S and CA-163 S,35 mins
20180207,Wed,1614,2158,I-15 S and CA-163 S,36 mins
20180207,Wed,1619,2218,I-15 S and CA-163 S,37 mins
20180207,Wed,1624,2293,I-15 S and CA-163 S,38 mins
20180207,Wed,1629,2221,I-15 S and CA-163 S,37 mins
20180207,Wed,1634,2363,I-15 S and CA-163 S,39 mins
20180207,Wed,1639,2246,I-15 S and CA-163 S,37 mins
20180207,Wed,1644,2362,I-15 S and CA-163 S,39 mins
20180207,Wed,1649,2539,I-15 S and CA-163 S,42 mins
20180207,Wed,1654,2550,I-15 S and CA-163 S,43 mins
20180207,Wed,1659,2348,I-15 S and CA-163 S,39 mins
20180207,Wed,1704,2398,I-15 S and CA-163 S,40 mins
20180207,Wed,1709,2539,I-15 S and CA-163 S,42 mins
20180207,Wed,1714,2412,I-15 S and CA-163 S,40 mins
20180207,Wed,1719,2471,I-15 S and CA-163 S,41 mins
20180207,Wed,1724,2487,I-15 S and CA-163 S,41 mins
20180207,Wed,1729,2512,I-15 S and CA-163 S,42 mins
20180207,Wed,1734,2335,I-15 S and CA-163 S,39 mins
20180207,Wed,1739,2386,I-15 S and CA-163 S,40 mins
20180207,Wed,1745,2249,I-15 S and CA-163 S,37 mins
20180207,Wed,1750,2143,I-15 S and CA-163 S,36 mins
20180207,Wed,1755,2162,I-15 S and CA-163 S,36 mins
20180207,Wed,1800,2190,CA-56 W and I-5 S,37 mins
20180207,Wed,1805,2057,CA-56 W and I-5 S,34 mins
20180207,Wed,1810,1965,CA-56 W and I-5 S,33 mins
20180207,Wed,1815,1885,CA-56 W and I-5 S,31 mins
20180207,Wed,1820,1826,CA-56 W and I-5 S,30 mins
20180207,Wed,1825,1832,CA-56 W and I-5 S,31 mins
20180207,Wed,1827,1778,CA-56 W and I-5 S,30 mins
20180207,Wed,1828,1777,CA-56 W and I-5 S,30 mins
20180207,Wed,1833,1805,CA-56 W and I-5 S,30 mins
20180207,Wed,1838,1672,I-15 S and CA-163 S,28 mins
20180207,Wed,1843,1638,CA-56 W and I-5 S,27 mins
20180208,Thu,1404,1510,CA-56 W and I-5 S,25 mins
20180208,Thu,1409,1510,CA-56 W and I-5 S,25 mins
20180208,Thu,1414,1513,CA-56 W and I-5 S,25 mins
20180208,Thu,1419,1542,CA-56 W and I-5 S,26 mins
20180208,Thu,1424,1537,CA-56 W and I-5 S,26 mins
20180208,Thu,1430,1557,CA-56 W and I-5 S,26 mins
20180208,Thu,1435,1560,CA-56 W and I-5 S,26 mins
20180208,Thu,1440,1550,CA-56 W and I-5 S,26 mins
20180208,Thu,1445,1640,CA-56 W and I-5 S,27 mins
20180208,Thu,1450,1672,I-15 S and CA-163 S,28 mins
20180208,Thu,1455,1660,I-15 S and CA-163 S,28 mins
20180208,Thu,1500,1717,I-15 S and CA-163 S,29 mins
20180208,Thu,1505,1713,I-15 S and CA-163 S,29 mins
20180208,Thu,1510,1739,I-15 S and CA-163 S,29 mins
20180208,Thu,1515,1772,I-15 S and CA-163 S,30 mins
20180208,Thu,1520,1870,I-15 S and CA-163 S,31 mins
20180208,Thu,1525,1852,I-15 S and CA-163 S,31 mins
20180208,Thu,1530,1911,I-15 S and CA-163 S,32 mins
20180208,Thu,1615,2454,I-15 S and CA-163 S,41 mins
20180208,Thu,1703,2804,I-15 S and CA-163 S,47 mins
20180209,Fri,1403,1547,CA-56 W and I-5 S,26 mins
20180209,Fri,1408,1544,CA-56 W and I-5 S,26 mins
20180209,Fri,1413,1602,CA-56 W and I-5 S,27 mins
20180209,Fri,1418,1611,CA-56 W and I-5 S,27 mins
20180209,Fri,1423,1633,CA-56 W and I-5 S,27 mins
20180209,Fri,1428,1724,CA-56 W and I-5 S,29 mins
20180209,Fri,1433,1814,CA-56 W and I-5 S,30 mins
20180209,Fri,1438,1673,I-15 S and CA-163 S,28 mins
20180209,Fri,1443,1700,I-15 S and CA-163 S,28 mins
20180209,Fri,1448,1819,I-15 S and CA-163 S,30 mins
20180209,Fri,1453,1828,I-15 S and CA-163 S,30 mins
20180209,Fri,1458,1936,I-15 S and CA-163 S,32 mins
20180209,Fri,1503,1982,CA-163 S,33 mins
20180209,Fri,1508,2041,CA-163 S,34 mins
20180209,Fri,1513,2156,I-15 S and CA-163 S,36 mins
20180209,Fri,1518,2199,I-15 S and CA-163 S,37 mins
20180209,Fri,1523,2445,I-15 S and CA-163 S,41 mins
20180209,Fri,1529,2381,I-15 S,40 mins
20180209,Fri,1534,2383,I-15 S,40 mins
20180209,Fri,1539,2511,I-15 S and CA-163 S,42 mins
20180209,Fri,1544,2411,I-15 S and CA-163 S,40 mins
20180209,Fri,1549,2461,I-15 S and CA-163 S,41 mins
20180209,Fri,1554,2491,I-15 S and CA-163 S,42 mins
20180209,Fri,1559,2604,I-15 S and CA-163 S,43 mins
20180209,Fri,1604,2607,I-15 S and CA-163 S,43 mins
20180209,Fri,1610,2563,I-15 S and CA-163 S,43 mins
20180209,Fri,1615,2594,I-15 S and CA-163 S,43 mins
20180209,Fri,1620,2745,I-15 S and CA-163 S,46 mins
20180209,Fri,1625,2818,I-15 S and CA-163 S,47 mins
20180209,Fri,1630,2809,I-15 S and CA-163 S,47 mins
20180209,Fri,1636,2737,I-15 S and CA-163 S,46 mins
20180209,Fri,1641,2941,I-15 S and CA-163 S,49 mins
20180209,Fri,1646,2891,I-15 S and CA-163 S,48 mins
20180209,Fri,1759,2099,I-15 S and CA-163 S,35 mins
20180212,Mon,1401,1481,CA-56 W and I-5 S,25 mins
20180212,Mon,1406,1533,CA-56 W and I-5 S,26 mins
20180212,Mon,1411,1481,CA-56 W and I-5 S,25 mins
20180212,Mon,1416,1479,CA-56 W and I-5 S,25 mins
20180212,Mon,1421,1495,CA-56 W and I-5 S,25 mins
20180212,Mon,1426,1504,CA-56 W and I-5 S,25 mins
20180212,Mon,1431,1504,CA-56 W and I-5 S,25 mins
20180212,Mon,1436,1503,CA-56 W and I-5 S,25 mins
20180212,Mon,1441,1522,CA-56 W and I-5 S,25 mins
20180212,Mon,1447,1536,CA-56 W and I-5 S,26 mins
20180212,Mon,1452,1576,CA-56 W and I-5 S,26 mins
20180212,Mon,1457,1594,CA-56 W and I-5 S,27 mins
20180212,Mon,1502,1689,CA-56 W and I-5 S,28 mins
20180212,Mon,1507,1708,CA-56 W and I-5 S,28 mins
20180212,Mon,1512,1759,CA-56 W and I-5 S,29 mins
20180212,Mon,1517,1800,I-15 S and CA-163 S,30 mins
20180212,Mon,1522,1896,CA-56 W and I-5 S,32 mins
20180212,Mon,1527,1876,CA-56 W and I-5 S,31 mins
20180212,Mon,1532,1821,I-15 S and CA-163 S,30 mins
20180212,Mon,1537,1876,CA-56 W and I-5 S,31 mins
20180212,Mon,1542,1853,CA-56 W and I-5 S,31 mins
20180212,Mon,1547,1838,I-15 S and CA-163 S,31 mins
20180212,Mon,1552,1851,I-15 S and CA-163 S,31 mins
20180212,Mon,1557,1890,I-15 S and CA-163 S,32 mins
20180212,Mon,1602,1726,I-15 S and CA-163 S,29 mins
20180212,Mon,1607,1792,I-15 S and CA-163 S,30 mins
20180212,Mon,1612,1868,I-15 S and CA-163 S,31 mins
20180212,Mon,1617,1894,I-15 S and CA-163 S,32 mins
20180212,Mon,1623,2015,I-15 S and CA-163 S,34 mins
20180212,Mon,1628,2141,CA-56 W and I-5 S,36 mins
20180212,Mon,1633,2164,CA-56 W and I-5 S,36 mins
20180212,Mon,1638,2077,I-15 S and CA-163 S,35 mins
20180212,Mon,1726,1934,CA-56 W and I-5 S,32 mins
20180213,Tue,1403,1529,CA-56 W and I-5 S,25 mins
20180213,Tue,1515,1717,I-15 S and CA-163 S,29 mins
20180213,Tue,1520,1855,I-15 S and CA-163 S,31 mins
20180213,Tue,1525,1808,I-15 S and CA-163 S,30 mins
20180213,Tue,1530,1839,I-15 S and CA-163 S,31 mins
20180213,Tue,1536,1918,I-15 S and CA-163 S,32 mins
20180213,Tue,1541,1957,I-15 S and CA-163 S,33 mins
20180213,Tue,1546,2071,I-15 S and CA-163 S,35 mins
20180213,Tue,1548,2220,I-15 S and CA-163 S,37 mins
20180213,Tue,1549,2221,I-15 S and CA-163 S,37 mins
20180213,Tue,1554,2447,I-15 S and CA-163 S,41 mins
20180213,Tue,1559,2552,I-15 S and CA-163 S,43 mins
20180213,Tue,1604,2337,I-15 S and CA-163 S,39 mins
20180213,Tue,1606,2348,I-15 S and CA-163 S,39 mins
20180213,Tue,1606,2375,I-15 S and CA-163 S,40 mins
20180213,Tue,1611,2384,I-15 S and CA-163 S,40 mins
20180213,Tue,1611,2350,I-15 S and CA-163 S,39 mins
20180213,Tue,1612,2384,I-15 S and CA-163 S,40 mins
20180213,Tue,1617,2449,I-15 S and CA-163 S,41 mins
20180213,Tue,1622,2554,I-15 S and CA-163 S,43 mins
20180213,Tue,1627,2523,I-15 S,42 mins
20180213,Tue,1632,2574,I-15 S,43 mins
20180213,Tue,1637,2574,I-15 S and CA-163 S,43 mins
20180213,Tue,1642,2690,I-15 S and CA-163 S,45 mins
20180213,Tue,1645,2551,I-15 S,43 mins
20180213,Tue,1650,2536,I-15 S,42 mins
20180213,Tue,1655,2712,I-15 S and CA-163 S,45 mins
20180213,Tue,1700,2566,I-15 S and CA-163 S,43 mins
20180213,Tue,1705,2591,I-15 S and CA-163 S,43 mins
20180213,Tue,1710,2547,I-15 S and CA-163 S,42 mins
20180213,Tue,1715,2560,I-15 S and CA-163 S,43 mins
20180213,Tue,1720,2641,I-15 S and CA-163 S,44 mins
20180213,Tue,1725,2628,I-15 S and CA-163 S,44 mins
20180213,Tue,1730,2563,I-15 S and CA-163 S,43 mins
20180213,Tue,1735,2377,I-15 S and CA-163 S,40 mins
20180213,Tue,1740,2319,I-15 S and CA-163 S,39 mins
20180213,Tue,1745,2259,I-15 S and CA-163 S,38 mins
20180214,Wed,1417,1547,CA-56 W and I-5 S,26 mins
20180214,Wed,1422,1547,CA-56 W and I-5 S,26 mins
20180214,Wed,1427,1544,CA-56 W and I-5 S,26 mins
20180214,Wed,1435,1572,CA-56 W and I-5 S,26 mins
20180214,Wed,1435,1572,CA-56 W and I-5 S,26 mins
20180214,Wed,1435,1568,CA-56 W and I-5 S,26 mins
20180214,Wed,1435,1572,CA-56 W and I-5 S,26 mins
20180214,Wed,1435,1572,CA-56 W and I-5 S,26 mins
20180214,Wed,1435,1569,CA-56 W and I-5 S,26 mins
20180214,Wed,1440,1601,CA-56 W and I-5 S,27 mins
20180214,Wed,1445,1685,CA-56 W and I-5 S,28 mins
20180214,Wed,1450,1732,I-15 S and CA-163 S,29 mins
20180214,Wed,1455,1702,I-15 S and CA-163 S,28 mins
20180214,Wed,1500,1757,I-15 S and CA-163 S,29 mins
20180214,Wed,1505,1737,I-15 S and CA-163 S,29 mins
20180214,Wed,1510,1808,I-15 S and CA-163 S,30 mins
20180214,Wed,1515,1744,I-15 S and CA-163 S,29 mins
20180214,Wed,1526,1855,I-15 S and CA-163 S,31 mins
20180214,Wed,1531,1904,I-15 S and CA-163 S,32 mins
20180214,Wed,1536,2004,I-15 S and CA-163 S,33 mins
20180214,Wed,1538,2029,I-15 S and CA-163 S,34 mins
20180214,Wed,1635,3222,I-15 S and CA-163 S,54 mins
20180214,Wed,1635,3222,I-15 S and CA-163 S,54 mins
20180214,Wed,1638,3257,I-15 S and CA-163 S,54 mins
20180214,Wed,1638,3246,I-15 S and CA-163 S,54 mins
20180214,Wed,1643,3324,I-15 S,55 mins
20180214,Wed,1648,3281,I-15 S,55 mins
20180214,Wed,1653,3337,I-15 S,56 mins
20180214,Wed,1658,3400,I-15 S,57 mins
20180214,Wed,1703,3310,I-15 S,55 mins
20180214,Wed,1703,3484,I-15 S and CA-163 S,58 mins
20180214,Wed,1722,3331,I-15 S and CA-163 S,56 mins
20180215,Thu,1403,1559,CA-56 W and I-5 S,26 mins
20180215,Thu,1404,1551,CA-56 W and I-5 S,26 mins
20180215,Thu,1409,1536,CA-56 W and I-5 S,26 mins
20180215,Thu,1414,1541,CA-56 W and I-5 S,26 mins
20180215,Thu,1419,1556,CA-56 W and I-5 S,26 mins
20180215,Thu,1424,1529,CA-56 W and I-5 S,25 mins
20180215,Thu,1429,1519,CA-56 W and I-5 S,25 mins
20180215,Thu,1434,1547,CA-56 W and I-5 S,26 mins
20180215,Thu,1439,1594,CA-56 W and I-5 S,27 mins
20180215,Thu,1444,1683,CA-56 W and I-5 S,28 mins
20180215,Thu,1449,1707,I-15 S and CA-163 S,28 mins
20180215,Thu,1454,1715,I-15 S and CA-163 S,29 mins
20180215,Thu,1459,1803,I-15 S and CA-163 S,30 mins
20180215,Thu,1504,1678,I-15 S and CA-163 S,28 mins
20180215,Thu,1509,1764,I-15 S and CA-163 S,29 mins
20180215,Thu,1514,1794,I-15 S and CA-163 S,30 mins
20180215,Thu,1519,1755,I-15 S and CA-163 S,29 mins
20180215,Thu,1524,1849,I-15 S and CA-163 S,31 mins
20180215,Thu,1529,1891,I-15 S and CA-163 S,32 mins
20180215,Thu,1534,1942,I-15 S and CA-163 S,32 mins
20180215,Thu,1539,2030,I-15 S and CA-163 S,34 mins
20180215,Thu,1544,2248,I-15 S and CA-163 S,37 mins
20180215,Thu,1549,2363,I-15 S and CA-163 S,39 mins
20180215,Thu,1554,2261,I-15 S and CA-163 S,38 mins
20180215,Thu,1559,2340,I-15 S and CA-163 S,39 mins
20180215,Thu,1604,2491,I-15 S and CA-163 S,42 mins
20180215,Thu,1609,2432,I-15 S and CA-163 S,41 mins
20180215,Thu,1614,2597,I-15 S and CA-163 S,43 mins
20180215,Thu,1619,2711,I-15 S and CA-163 S,45 mins
20180215,Thu,1624,2844,I-15 S and CA-163 S,47 mins
20180215,Thu,1633,2805,I-15 S and CA-163 S,47 mins
20180215,Thu,1634,2818,I-15 S and CA-163 S,47 mins
20180215,Thu,1634,2816,I-15 S and CA-163 S,47 mins
20180215,Thu,1754,2565,I-15 S and CA-163 S,43 mins
20180215,Thu,1759,2291,I-15 S and CA-163 S,38 mins
20180215,Thu,1804,2004,I-15 S and CA-163 S,33 mins
20180215,Thu,1806,1984,I-15 S and CA-163 S,33 mins
20180215,Thu,1806,1977,I-15 S and CA-163 S,33 mins
20180215,Thu,1807,1997,I-15 S and CA-163 S,33 mins
20180215,Thu,1807,2033,I-15 S and CA-163 S,34 mins
20180215,Thu,1808,2042,I-15 S and CA-163 S,34 mins
20180215,Thu,1808,2033,I-15 S and CA-163 S,34 mins
20180215,Thu,1811,2035,I-15 S and CA-163 S,34 mins
20180215,Thu,1811,2014,I-15 S and CA-163 S,34 mins
20180215,Thu,1813,1988,I-15 S and CA-163 S,33 mins
20180215,Thu,1813,1973,I-15 S and CA-163 S,33 mins
20180215,Thu,1813,1953,I-15 S and CA-163 S,33 mins
20180215,Thu,1813,1958,I-15 S and CA-163 S,33 mins
20180215,Thu,1818,2002,I-15 S and CA-163 S,33 mins
20180215,Thu,1823,1865,I-15 S and CA-163 S,31 mins
20180215,Thu,1824,1861,I-15 S and CA-163 S,31 mins
20180215,Thu,1825,1862,I-15 S and CA-163 S,31 mins
20180216,Fri,1402,1565,CA-56 W and I-5 S,26 mins
20180216,Fri,1402,1550,CA-56 W and I-5 S,26 mins
20180216,Fri,1407,1580,CA-56 W and I-5 S,26 mins
20180216,Fri,1412,1578,CA-56 W and I-5 S,26 mins
20180216,Fri,1417,1584,CA-56 W and I-5 S,26 mins
20180216,Fri,1423,1638,CA-56 W and I-5 S,27 mins
20180216,Fri,1428,1640,CA-56 W and I-5 S,27 mins
20180216,Fri,1433,1643,CA-56 W and I-5 S,27 mins
20180216,Fri,1438,1653,CA-56 W and I-5 S,28 mins
20180216,Fri,1441,1720,CA-56 W and I-5 S,29 mins
20180216,Fri,1446,1691,I-15 S and CA-163 S,28 mins
20180216,Fri,1451,1730,I-15 S and CA-163 S,29 mins
20180216,Fri,1456,1719,I-15 S and CA-163 S,29 mins
20180216,Fri,1501,1870,I-15 S and CA-163 S,31 mins
20180216,Fri,1506,1763,I-15 S and CA-163 S,29 mins
20180216,Fri,1511,1772,I-15 S and CA-163 S,30 mins
20180216,Fri,1516,1879,I-15 S and CA-163 S,31 mins
20180216,Fri,1521,1950,I-15 S and CA-163 S,33 mins
20180216,Fri,1526,2063,I-15 S and CA-163 S,34 mins
20180216,Fri,1531,2064,I-15 S and CA-163 S,34 mins
20180216,Fri,1541,2012,I-15 S and CA-163 S,34 mins
20180220,Tue,1404,1518,CA-56 W and I-5 S,25 mins
20180220,Tue,1409,1508,CA-56 W and I-5 S,25 mins
20180220,Tue,1414,1538,CA-56 W and I-5 S,26 mins
20180220,Tue,1419,1526,CA-56 W and I-5 S,25 mins
20180220,Tue,1424,1525,CA-56 W and I-5 S,25 mins
20180220,Tue,1429,1532,CA-56 W and I-5 S,26 mins
20180220,Tue,1434,1563,CA-56 W and I-5 S,26 mins
20180220,Tue,1439,1559,CA-56 W and I-5 S,26 mins
20180220,Tue,1444,1577,CA-56 W and I-5 S,26 mins
20180220,Tue,1449,1640,CA-56 W and I-5 S,27 mins
20180220,Tue,1454,1655,CA-56 W and I-5 S,28 mins
20180220,Tue,1550,1971,I-15 S and CA-163 S,33 mins
20180220,Tue,1550,1971,I-15 S and CA-163 S,33 mins
20180220,Tue,1550,1983,I-15 S and CA-163 S,33 mins
20180220,Tue,1551,1971,I-15 S and CA-163 S,33 mins
20180220,Tue,1556,2021,I-15 S and CA-163 S,34 mins
20180220,Tue,1601,2092,I-15 S and CA-163 S,35 mins
20180220,Tue,1603,2184,I-15 S and CA-163 S,36 mins
20180220,Tue,1603,2185,I-15 S and CA-163 S,36 mins
20180220,Tue,1608,2330,I-15 S and CA-163 S,39 mins
20180220,Tue,1608,2285,I-15 S and CA-163 S,38 mins
20180220,Tue,1608,2297,I-15 S and CA-163 S,38 mins
20180220,Tue,1609,2306,I-15 S and CA-163 S,38 mins
20180220,Tue,1609,2281,I-15 S and CA-163 S,38 mins
20180220,Tue,1609,2259,I-15 S and CA-163 S,38 mins
20180220,Tue,1610,2254,I-15 S and CA-163 S,38 mins
20180220,Tue,1613,2276,I-15 S and CA-163 S,38 mins
20180220,Tue,1618,2282,I-15 S and CA-163 S,38 mins
20180220,Tue,1623,2250,I-15 S and CA-163 S,38 mins
20180220,Tue,1628,2339,I-15 S and CA-163 S,39 mins
20180220,Tue,1631,2359,I-15 S and CA-163 S,39 mins
20180220,Tue,1631,2376,I-15 S and CA-163 S,40 mins
20180220,Tue,1634,2399,I-15 S and CA-163 S,40 mins
20180220,Tue,1634,2412,I-15 S and CA-163 S,40 mins
20180220,Tue,1639,2372,I-15 S and CA-163 S,40 mins
20180220,Tue,1644,2537,I-15 S and CA-163 S,42 mins
20180220,Tue,1647,2496,I-15 S and CA-163 S,42 mins
20180220,Tue,1647,2475,I-15 S and CA-163 S,41 mins
20180221,Wed,1401,1499,CA-56 W and I-5 S,25 mins
20180221,Wed,1406,1644,CA-56 W and I-5 S,27 mins
20180221,Wed,1412,1495,CA-56 W and I-5 S,25 mins
20180221,Wed,1417,1518,CA-56 W and I-5 S,25 mins
20180221,Wed,1422,1530,CA-56 W and I-5 S,26 mins
20180221,Wed,1427,1538,CA-56 W and I-5 S,26 mins
20180221,Wed,1432,1540,CA-56 W and I-5 S,26 mins
20180221,Wed,1437,1534,CA-56 W and I-5 S,26 mins
20180221,Wed,1442,1534,CA-56 W and I-5 S,26 mins
20180221,Wed,1447,1577,CA-56 W and I-5 S,26 mins
20180221,Wed,1452,1588,CA-56 W and I-5 S,26 mins
20180221,Wed,1457,1596,CA-56 W and I-5 S,27 mins
20180221,Wed,1502,1663,CA-56 W and I-5 S,28 mins
20180221,Wed,1507,1684,CA-56 W and I-5 S,28 mins
20180221,Wed,1512,1705,I-15 S and CA-163 S,28 mins
20180221,Wed,1517,1743,I-15 S and CA-163 S,29 mins
20180221,Wed,1522,1740,I-15 S and CA-163 S,29 mins
20180221,Wed,1527,1748,I-15 S and CA-163 S,29 mins
20180221,Wed,1532,1736,I-15 S and CA-163 S,29 mins
20180221,Wed,1537,1766,I-15 S and CA-163 S,29 mins
20180221,Wed,1542,1791,I-15 S and CA-163 S,30 mins
20180221,Wed,1547,1832,I-15 S and CA-163 S,31 mins
20180221,Wed,1552,1987,I-15 S and CA-163 S,33 mins
20180221,Wed,1557,2001,I-15 S and CA-163 S,33 mins
20180221,Wed,1602,2071,I-15 S and CA-163 S,35 mins
20180221,Wed,1607,2089,I-15 S and CA-163 S,35 mins
20180221,Wed,1612,2294,CA-56 W and I-5 S,38 mins
20180221,Wed,1617,2304,CA-56 W and I-5 S,38 mins
20180221,Wed,1622,2559,CA-56 W and I-5 S,43 mins
20180221,Wed,1627,2520,I-15 S and CA-163 S,42 mins
20180221,Wed,1632,2429,I-15 S and CA-163 S,40 mins
20180221,Wed,1637,2411,I-15 S and CA-163 S,40 mins
20180221,Wed,1642,2404,I-15 S and CA-163 S,40 mins
20180221,Wed,1647,2413,I-15 S and CA-163 S,40 mins
20180221,Wed,1652,2264,I-15 S and CA-163 S,38 mins
20180221,Wed,1657,2319,I-15 S and CA-163 S,39 mins
20180221,Wed,1703,2494,I-15 S and CA-163 S,42 mins
20180221,Wed,1708,2517,I-15 S and CA-163 S,42 mins
20180221,Wed,1713,2566,I-15 S and CA-163 S,43 mins
20180221,Wed,1718,2581,I-15 S and CA-163 S,43 mins
20180221,Wed,1723,2635,I-15 S and CA-163 S,44 mins
20180221,Wed,1728,2617,I-15 S and CA-163 S,44 mins
20180221,Wed,1733,2585,I-15 S and CA-163 S,43 mins
20180221,Wed,1738,2340,I-15 S and CA-163 S,39 mins
20180221,Wed,1743,2411,I-15 S and CA-163 S,40 mins
20180221,Wed,1748,2282,I-15 S and CA-163 S,38 mins
20180221,Wed,1753,2160,I-15 S and CA-163 S,36 mins
20180221,Wed,1758,2122,I-15 S and CA-163 S,35 mins
20180221,Wed,1803,2148,I-15 S and CA-163 S,36 mins
20180221,Wed,1808,1971,I-15 S and CA-163 S,33 mins
20180221,Wed,1813,1988,I-15 S and CA-163 S,33 mins
20180221,Wed,1818,1981,CA-56 W and I-5 S,33 mins
20180221,Wed,1823,1848,CA-56 W and I-5 S,31 mins
20180221,Wed,1825,1855,CA-56 W and I-5 S,31 mins
20180221,Wed,1825,1874,CA-56 W and I-5 S,31 mins
20180222,Thu,1403,1578,CA-56 W and I-5 S,26 mins
20180222,Thu,1408,1577,CA-56 W and I-5 S,26 mins
20180222,Thu,1413,1517,CA-56 W and I-5 S,25 mins
20180222,Thu,1418,1504,CA-56 W and I-5 S,25 mins
20180222,Thu,1423,1532,CA-56 W and I-5 S,26 mins
20180222,Thu,1428,1548,CA-56 W and I-5 S,26 mins
20180222,Thu,1433,1557,CA-56 W and I-5 S,26 mins
20180222,Thu,1438,1597,CA-56 W and I-5 S,27 mins
20180222,Thu,1442,1711,CA-56 W and I-5 S,29 mins
20180222,Thu,1447,1750,I-15 S and CA-163 S,29 mins
20180222,Thu,1452,1787,I-15 S and CA-163 S,30 mins
20180222,Thu,1457,1760,I-15 S and CA-163 S,29 mins
20180222,Thu,1502,1769,I-15 S and CA-163 S,29 mins
20180222,Thu,1507,1933,I-15 S and CA-163 S,32 mins
20180222,Thu,1512,1900,I-15 S and CA-163 S,32 mins
20180222,Thu,1517,1908,I-15 S and CA-163 S,32 mins
20180222,Thu,1520,1922,I-15 S and CA-163 S,32 mins
20180222,Thu,1521,1930,I-15 S and CA-163 S,32 mins
20180222,Thu,1526,2087,I-15 S and CA-163 S,35 mins
20180222,Thu,1531,2241,I-15 S and CA-163 S,37 mins
20180222,Thu,1536,2328,I-15 S and CA-163 S,39 mins
20180222,Thu,1541,2297,I-15 S and CA-163 S,38 mins
20180222,Thu,1546,2428,I-15 S and CA-163 S,40 mins
20180222,Thu,1551,2624,I-15 S and CA-163 S,44 mins
20180222,Thu,1553,2595,I-15 S and CA-163 S,43 mins
20180222,Thu,1553,2599,I-15 S and CA-163 S,43 mins
20180222,Thu,1558,2448,I-15 S and CA-163 S,41 mins
20180222,Thu,1600,2385,I-15 S and CA-163 S,40 mins
20180222,Thu,1600,2440,I-15 S and CA-163 S,41 mins
20180222,Thu,1605,2593,I-15 S and CA-163 S,43 mins
20180222,Thu,1610,2696,I-15 S and CA-163 S,45 mins
20180222,Thu,1615,2929,I-15 S and CA-163 S,49 mins
20180222,Thu,1620,2823,I-15 S and CA-163 S,47 mins
20180222,Thu,1625,2893,I-15 S and CA-163 S,48 mins
20180222,Thu,1630,2936,I-15 S and CA-163 S,49 mins
20180222,Thu,1635,3070,I-15 S and CA-163 S,51 mins
20180222,Thu,1640,3006,I-15 S and CA-163 S,50 mins
20180222,Thu,1645,2998,I-15 S and CA-163 S,50 mins
20180222,Thu,1650,3131,I-15 S and CA-163 S,52 mins
20180222,Thu,1655,3197,CA-56 W and I-5 S,53 mins
20180222,Thu,1700,3241,I-15 S and CA-163 S,54 mins
20180222,Thu,1839,1740,I-15 S and CA-163 S,29 mins
20180227,Tue,1401,1496,CA-56 W and I-5 S,25 mins
20180227,Tue,1406,1519,CA-56 W and I-5 S,25 mins
20180227,Tue,1411,1487,CA-56 W and I-5 S,25 mins
20180227,Tue,1416,1523,CA-56 W and I-5 S,25 mins
20180227,Tue,1421,1545,CA-56 W and I-5 S,26 mins
20180227,Tue,1426,1530,CA-56 W and I-5 S,26 mins
20180227,Tue,1431,1523,CA-56 W and I-5 S,25 mins
20180227,Tue,1436,1540,CA-56 W and I-5 S,26 mins
20180227,Tue,1441,1551,CA-56 W and I-5 S,26 mins
20180227,Tue,1446,1603,CA-56 W and I-5 S,27 mins
20180227,Tue,1451,1618,CA-56 W and I-5 S,27 mins
20180227,Tue,1456,1597,CA-56 W and I-5 S,27 mins
20180227,Tue,1501,1590,CA-56 W and I-5 S,27 mins
20180227,Tue,1502,1581,CA-56 W and I-5 S,26 mins
20180227,Tue,1502,1580,CA-56 W and I-5 S,26 mins
20180227,Tue,1507,1643,CA-56 W and I-5 S,27 mins
20180227,Tue,1512,1647,CA-56 W and I-5 S,27 mins
20180227,Tue,1517,1631,CA-56 W and I-5 S,27 mins
20180227,Tue,1522,1728,CA-56 W and I-5 S,29 mins
20180227,Tue,1527,1745,CA-56 W and I-5 S,29 mins
20180227,Tue,1532,1705,CA-56 W and I-5 S,28 mins
20180227,Tue,1537,1753,CA-56 W and I-5 S,29 mins
20180227,Tue,1542,1850,CA-56 W and I-5 S,31 mins
20180227,Tue,1547,1777,CA-56 W and I-5 S,30 mins
20180227,Tue,1552,1750,CA-56 W and I-5 S,29 mins
20180227,Tue,1557,1860,CA-56 W and I-5 S,31 mins
20180227,Tue,1602,1749,CA-56 W and I-5 S,29 mins
20180227,Tue,1607,1759,CA-56 W and I-5 S,29 mins
20180227,Tue,1612,1789,CA-56 W and I-5 S,30 mins
20180227,Tue,1617,1841,CA-56 W and I-5 S,31 mins
20180228,Wed,1415,1644,CA-56 W and I-5 S,27 mins
20180228,Wed,1415,1643,CA-56 W and I-5 S,27 mins
20180228,Wed,1415,1644,CA-56 W and I-5 S,27 mins
20180228,Wed,1415,1649,CA-56 W and I-5 S,27 mins
20180228,Wed,1420,1716,CA-56 W and I-5 S,29 mins
20180228,Wed,1425,1706,CA-56 W and I-5 S,28 mins
20180228,Wed,1430,1737,CA-56 W and I-5 S,29 mins
20180228,Wed,1435,1739,CA-56 W and I-5 S,29 mins
20180228,Wed,1440,1797,CA-56 W and I-5 S,30 mins
20180228,Wed,1445,1796,CA-56 W and I-5 S,30 mins
20180228,Wed,1450,1846,I-15 S and CA-163 S,31 mins
20180228,Wed,1455,1884,I-15 S and CA-163 S,31 mins
20180228,Wed,1500,1983,CA-56 W and I-5 S,33 mins
20180228,Wed,1505,1995,CA-56 W and I-5 S,33 mins
20180228,Wed,1510,1855,CA-56 W and I-5 S,31 mins
20180228,Wed,1515,2006,CA-56 W and I-5 S,33 mins
20180228,Wed,1521,1966,I-15 S and CA-163 S,33 mins
20180228,Wed,1526,2015,I-15 S and CA-163 S,34 mins
20180228,Wed,1531,1952,I-15 S and CA-163 S,33 mins
20180228,Wed,1536,1929,I-15 S and CA-163 S,32 mins
20180228,Wed,1542,2025,I-15 S and CA-163 S,34 mins
20180228,Wed,1547,2092,I-15 S and CA-163 S,35 mins
20180228,Wed,1552,2256,I-15 S and CA-163 S,38 mins
20180228,Wed,1557,2324,I-15 S and CA-163 S,39 mins
20180228,Wed,1602,2385,CA-163 S,40 mins
20180228,Wed,1607,2442,CA-163 S,41 mins
20180228,Wed,1612,2567,I-15 S and CA-163 S,43 mins
20180228,Wed,1617,2534,I-15 S and CA-163 S,42 mins
20180228,Wed,1622,2524,I-15 S and CA-163 S,42 mins
20180228,Wed,1627,2658,I-15 S and CA-163 S,44 mins
20180228,Wed,1632,2644,I-15 S and CA-163 S,44 mins
20180228,Wed,1637,2537,I-15 S and CA-163 S,42 mins
20180228,Wed,1642,2727,I-15 S and CA-163 S,45 mins
20180228,Wed,1647,2787,I-15 S and CA-163 S,46 mins
20180228,Wed,1652,2942,I-15 S and CA-163 S,49 mins
20180228,Wed,1657,2733,I-15 S,46 mins
20180228,Wed,1702,2844,I-15 S,47 mins
20180228,Wed,1707,2762,I-15 S and CA-163 S,46 mins
20180228,Wed,1712,2740,I-15 S and CA-163 S,46 mins
20180228,Wed,1717,2818,I-15 S and CA-163 S,47 mins
20180228,Wed,1722,2601,I-15 S and CA-163 S,43 mins
20180228,Wed,1727,2539,I-15 S and CA-163 S,42 mins
20180228,Wed,1732,2544,I-15 S and CA-163 S,42 mins
20180228,Wed,1737,2417,I-15 S and CA-163 S,40 mins
20180228,Wed,1742,2420,I-15 S and CA-163 S,40 mins
20180228,Wed,1747,2369,I-15 S and CA-163 S,39 mins
20180228,Wed,1752,2375,I-15 S and CA-163 S,40 mins
20180228,Wed,1757,2378,I-15 S and CA-163 S,40 mins
20180228,Wed,1802,2417,CA-56 W and I-5 S,40 mins
20180228,Wed,1807,2196,CA-56 W and I-5 S,37 mins
20180228,Wed,1812,2028,CA-56 W and I-5 S,34 mins
20180228,Wed,1815,2006,CA-56 W and I-5 S,33 mins
20180301,Thu,1401,1658,CA-56 W and I-5 S,28 mins
20180301,Thu,1406,1581,CA-56 W and I-5 S,26 mins
20180301,Thu,1411,1571,CA-56 W and I-5 S,26 mins
20180301,Thu,1416,1629,CA-56 W and I-5 S,27 mins
20180301,Thu,1421,1684,CA-56 W and I-5 S,28 mins
20180301,Thu,1427,1731,CA-56 W and I-5 S,29 mins
20180301,Thu,1432,1806,CA-56 W and I-5 S,30 mins
20180301,Thu,1437,1826,CA-56 W and I-5 S,30 mins
20180301,Thu,1442,1791,I-15 S and CA-163 S,30 mins
20180301,Thu,1444,1833,I-15 S and CA-163 S,31 mins
20180301,Thu,1449,1873,I-15 S and CA-163 S,31 mins
20180301,Thu,1454,1829,CA-163 S,30 mins
20180301,Thu,1459,1853,CA-163 S,31 mins
20180301,Thu,1504,1857,CA-163 S,31 mins
20180301,Thu,1509,1949,I-15 S and CA-163 S,32 mins
20180301,Thu,1514,1881,CA-163 S,31 mins
20180301,Thu,1519,1959,I-15 S and CA-163 S,33 mins
20180301,Thu,1524,1964,CA-163 S,33 mins
20180301,Thu,1525,1978,CA-163 S,33 mins
20180301,Thu,1533,2025,CA-163 S,34 mins
20180301,Thu,1538,2160,I-15 S and CA-163 S,36 mins
20180301,Thu,1544,2339,CA-163 S,39 mins
20180301,Thu,1544,2340,CA-163 S,39 mins
20180301,Thu,1549,2510,CA-163 S,42 mins
20180301,Thu,1549,2516,I-15 S and CA-163 S,42 mins
20180301,Thu,1549,2550,I-15 S and CA-163 S,43 mins
20180301,Thu,1549,2508,CA-163 S,42 mins
20180301,Thu,1549,2581,I-15 S and CA-163 S,43 mins
20180301,Thu,1554,2386,CA-163 S,40 mins
20180301,Thu,1559,2589,CA-163 S,43 mins
20180301,Thu,1604,2490,CA-163 S,42 mins
20180301,Thu,1609,2463,I-15 S and CA-163 S,41 mins
20180301,Thu,1615,2546,CA-163 S,42 mins
20180301,Thu,1620,2684,I-15 S and CA-163 S,45 mins
20180301,Thu,1625,2845,I-15 S and CA-163 S,47 mins
20180301,Thu,1630,2873,I-15 S and CA-163 S,48 mins
20180301,Thu,1635,2810,I-15 S and CA-163 S,47 mins
20180301,Thu,1640,2864,I-15 S and CA-163 S,48 mins
20180301,Thu,1645,2714,I-15 S and CA-163 S,45 mins
20180301,Thu,1650,3137,I-15 S and CA-163 S,52 mins
20180301,Thu,1655,2950,I-15 S,49 mins
20180301,Thu,1700,2954,I-15 S,49 mins
20180301,Thu,1705,2936,I-15 S,49 mins
20180301,Thu,1710,3079,I-15 S,51 mins
20180301,Thu,1715,3186,I-15 S and CA-163 S,53 mins
20180301,Thu,1720,3143,I-15 S and CA-163 S,52 mins
20180301,Thu,1725,3300,I-15 S and CA-163 S,55 mins
20180301,Thu,1730,3180,I-15 S and CA-163 S,53 mins
20180301,Thu,1735,3170,I-15 S and CA-163 S,53 mins
20180301,Thu,1740,3079,I-15 S and CA-163 S,51 mins
20180301,Thu,1745,2850,I-15 S and CA-163 S,48 mins
20180301,Thu,1750,2862,I-15 S and CA-163 S,48 mins
20180301,Thu,1755,2729,I-15 S and CA-163 S,45 mins
20180301,Thu,1800,2487,I-15 S and CA-163 S,41 mins
20180301,Thu,1805,2329,I-15 S and CA-163 S,39 mins
20180301,Thu,1810,2312,I-15 S and CA-163 S,39 mins
20180301,Thu,1815,2285,I-15 S and CA-163 S,38 mins
20180301,Thu,1820,2229,I-15 S and CA-163 S,37 mins
20180301,Thu,1822,2429,I-15 S and CA-163 S,40 mins
20180301,Thu,1822,2365,I-15 S and CA-163 S,39 mins
20180301,Thu,1823,2278,I-15 S and CA-163 S,38 mins
20180301,Thu,1823,2246,I-15 S and CA-163 S,37 mins
20180301,Thu,1824,2251,I-15 S and CA-163 S,38 mins
20180301,Thu,1824,2350,I-15 S and CA-163 S,39 mins
20180301,Thu,1824,2303,I-15 S and CA-163 S,38 mins
20180301,Thu,1825,2295,I-15 S and CA-163 S,38 mins
20180301,Thu,1825,2297,I-15 S and CA-163 S,38 mins
20180301,Thu,1825,2283,I-15 S and CA-163 S,38 mins
20180301,Thu,1826,2276,I-15 S and CA-163 S,38 mins
20180301,Thu,1826,2273,I-15 S and CA-163 S,38 mins
20180301,Thu,1826,2255,I-15 S and CA-163 S,38 mins
20180301,Thu,1826,2286,I-15 S and CA-163 S,38 mins
20180301,Thu,1827,2246,I-15 S and CA-163 S,37 mins
20180301,Thu,1827,2246,I-15 S and CA-163 S,37 mins
20180301,Thu,1832,2203,I-15 S and CA-163 S,37 mins
20180301,Thu,1837,2033,I-15 S and CA-163 S,34 mins
20180301,Thu,1842,2042,I-15 S and CA-163 S,34 mins
20180301,Thu,1924,1642,CA-56 W and I-5 S,27 mins
20180302,Fri,1405,1555,CA-56 W and I-5 S,26 mins
20180302,Fri,1405,1555,CA-56 W and I-5 S,26 mins
20180302,Fri,1405,1555,CA-56 W and I-5 S,26 mins
20180302,Fri,1410,1565,CA-56 W and I-5 S,26 mins
20180302,Fri,1415,1592,CA-56 W and I-5 S,27 mins
20180302,Fri,1420,1630,CA-56 W and I-5 S,27 mins
20180302,Fri,1425,1689,CA-56 W and I-5 S,28 mins
20180302,Fri,1430,1695,CA-56 W and I-5 S,28 mins
20180302,Fri,1435,1647,I-15 S and CA-163 S,27 mins
20180302,Fri,1440,1693,I-15 S and CA-163 S,28 mins
20180302,Fri,1445,1687,I-15 S and CA-163 S,28 mins
20180302,Fri,1450,1754,I-15 S and CA-163 S,29 mins
20180302,Fri,1455,1734,I-15 S and CA-163 S,29 mins
20180302,Fri,1458,1768,I-15 S and CA-163 S,29 mins
20180302,Fri,1500,1831,I-15 S and CA-163 S,31 mins
20180302,Fri,1500,1822,I-15 S and CA-163 S,30 mins
20180302,Fri,1500,1819,I-15 S and CA-163 S,30 mins
20180302,Fri,1500,1815,I-15 S and CA-163 S,30 mins
20180302,Fri,1505,1804,I-15 S and CA-163 S,30 mins
20180302,Fri,1510,1823,I-15 S and CA-163 S,30 mins
20180302,Fri,1512,1853,I-15 S and CA-163 S,31 mins
20180302,Fri,1517,1855,I-15 S and CA-163 S,31 mins
20180302,Fri,1519,1942,I-15 S and CA-163 S,32 mins
20180302,Fri,1519,1944,I-15 S and CA-163 S,32 mins
20180302,Fri,1519,1943,I-15 S and CA-163 S,32 mins
20180302,Fri,1602,2310,I-15 S and CA-163 S,39 mins
20180302,Fri,1603,2386,I-15 S and CA-163 S,40 mins
20180302,Fri,1603,2364,I-15 S and CA-163 S,39 mins
20180302,Fri,1608,2449,I-15 S and CA-163 S,41 mins
20180302,Fri,1613,2589,I-15 S and CA-163 S,43 mins
20180302,Fri,1618,2684,I-15 S and CA-163 S,45 mins
20180302,Fri,1619,2666,I-15 S and CA-163 S,44 mins
20180302,Fri,1619,2703,I-15 S and CA-163 S,45 mins
20180302,Fri,1619,2705,I-15 S and CA-163 S,45 mins
20180302,Fri,1620,2661,I-15 S and CA-163 S,44 mins
20180302,Fri,1625,2780,I-15 S and CA-163 S,46 mins
20180302,Fri,1630,2662,I-15 S and CA-163 S,44 mins
20180302,Fri,1635,2558,I-15 S and CA-163 S,43 mins
20180302,Fri,1640,2605,I-15 S and CA-163 S,43 mins
20180302,Fri,1646,2747,I-15 S and CA-163 S,46 mins
20180302,Fri,1648,2786,I-15 S and CA-163 S,46 mins
20180302,Fri,1648,2774,I-15 S and CA-163 S,46 mins
20180302,Fri,1653,2780,I-15 S and CA-163 S,46 mins
20180302,Fri,1829,2032,I-15 S and CA-163 S,34 mins
20180302,Fri,1834,2000,I-15 S and CA-163 S,33 mins
20180305,Mon,1810,1530,CA-56 W and I-5 S,26 mins
20180305,Mon,1815,1505,CA-56 W and I-5 S,25 mins
20180305,Mon,1820,1516,CA-56 W and I-5 S,25 mins
20180305,Mon,1825,1560,CA-56 W and I-5 S,26 mins
20180305,Mon,1830,1522,CA-56 W and I-5 S,25 mins
20180305,Mon,1835,1510,CA-56 W and I-5 S,25 mins
20180305,Mon,1840,1480,CA-56 W and I-5 S,25 mins
20180305,Mon,1845,1463,CA-56 W and I-5 S,24 mins
20180305,Mon,1850,1474,CA-56 W and I-5 S,25 mins
20180305,Mon,1855,1473,CA-56 W and I-5 S,25 mins
20180305,Mon,1900,1437,CA-56 W and I-5 S,24 mins
20180305,Mon,1905,1423,CA-56 W and I-5 S,24 mins
20180305,Mon,1910,1431,CA-56 W and I-5 S,24 mins
20180305,Mon,1915,1430,CA-56 W and I-5 S,24 mins
20180305,Mon,1920,1441,CA-56 W and I-5 S,24 mins
20180305,Mon,1925,1461,CA-56 W and I-5 S,24 mins
20180305,Mon,1930,1451,CA-56 W and I-5 S,24 mins
